{
  "version": 1,
  "author": "Mary Loftus",
  "editor": "wokwi",
  "parts": [
    { "type": "wokwi-arduino-uno", "id": "uno", "top": 0, "left": 0, "attrs": {} },
    { "type": "wokwi-potentiometer", "id": "pot1", "top": -135.7, "left": -115.4, "attrs": {} },
    {
      "type": "wokwi-led",
      "id": "led1",
      "top": -118.8,
      "left": 51.8,
      "attrs": { "color": "red" }
    },
    {
      "type": "wokwi-7segment",
      "id": "sevseg1",
      "top": -147.78,
      "left": 116.32,
      "attrs": { "digits": "4" }
    }
  ],
  "connections": [
    [ "pot1:GND", "uno:GND.1", "black", [ "v0" ] ],
    [ "pot1:SIG", "uno:A0", "green", [ "v0" ] ],
    [ "led1:C", "uno:GND.1", "green", [ "v0" ] ],
    [ "led1:A", "uno:10", "green", [ "v0" ] ],
    [ "sevseg1:G", "uno:GND.1", "green", [ "v0" ] ],
    [ "sevseg1:DIG4", "uno:1", "green", [ "v0" ] ],
    [ "sevseg1:DIG3", "uno:1", "green", [ "v0" ] ],
    [ "sevseg1:DIG2", "uno:1", "green", [ "v0" ] ],
    [ "sevseg1:DIG1", "uno:1", "green", [ "v0" ] ]
  ],
  "dependencies": {}
}